{
  "metadata": {
    "description": "8B VL 멀티모달 vs 2B 모델 성능 비교",
    "created_at": "2026-01-29T00:17:40.383010",
    "models": {
      "8B VL 멀티모달": "Qwen3-VL-Embedding-8B (멀티모달, 4096 dim, mean pooling)",
      "2B 멀티모달": "Qwen3-VL-Embedding-2B (멀티모달, 2048 dim, mean pooling)",
      "2B 텍스트 전용": "Qwen3-VL-Embedding-2B (텍스트 전용, 2048 dim, mean pooling)",
      "8B 텍스트 전용": "Qwen3-Embedding-8B (텍스트 전용, 4096 dim)"
    }
  },
  "results": {
    "Image GT": {
      "8B VL 멀티모달 (mean)": {
        "name": "8B VL 멀티모달 (mean)",
        "total_queries": 27,
        "metrics": {
          "top_1": 24.889770723104057,
          "top_3": 55.559964726631385,
          "top_5": 71.53439153439153,
          "top_10": 91.19488536155202,
          "mrr": 91.26984126984127
        },
        "by_category": {
          "image": {
            "top_5": 71.53439153439153,
            "mrr": 91.26984126984127
          }
        }
      },
      "2B 멀티모달 (mean)": {
        "name": "2B 멀티모달 (mean)",
        "total_queries": 27,
        "metrics": {
          "top_1": 24.889770723104057,
          "top_3": 51.397707231040556,
          "top_5": 76.26543209876543,
          "top_10": 94.1005291005291,
          "mrr": 90.74074074074075
        },
        "by_category": {
          "image": {
            "top_5": 76.26543209876543,
            "mrr": 90.74074074074075
          }
        }
      },
      "2B 텍스트 전용 (mean)": {
        "name": "2B 텍스트 전용 (mean)",
        "total_queries": 27,
        "metrics": {
          "top_1": 22.11199294532628,
          "top_3": 45.930335097001766,
          "top_5": 67.42504409171076,
          "top_10": 83.99029982363315,
          "mrr": 88.11447811447812
        },
        "by_category": {
          "image": {
            "top_5": 67.42504409171076,
            "mrr": 88.11447811447812
          }
        }
      },
      "8B 텍스트 전용": {
        "name": "8B 텍스트 전용",
        "total_queries": 27,
        "metrics": {
          "top_1": 19.951499118165785,
          "top_3": 55.53350970017637,
          "top_5": 69.62962962962963,
          "top_10": 86.24779541446208,
          "mrr": 84.50617283950618
        },
        "by_category": {
          "image": {
            "top_5": 69.62962962962963,
            "mrr": 84.50617283950618
          }
        }
      }
    },
    "Hybrid GT": {
      "8B VL 멀티모달 (mean)": {
        "name": "8B VL 멀티모달 (mean)",
        "total_queries": 61,
        "metrics": {
          "top_1": 21.721311475409834,
          "top_3": 50.409836065573764,
          "top_5": 65.30054644808743,
          "top_10": 78.14207650273224,
          "mrr": 46.65071411188753
        },
        "by_category": {
          "image": {
            "top_5": 61.80555555555555,
            "mrr": 50.6359649122807
          },
          "text_only": {
            "top_5": 65.78947368421053,
            "mrr": 39.709369577790625
          },
          "latex": {
            "top_5": 69.44444444444444,
            "mrr": 48.664021164021165
          }
        }
      },
      "2B 멀티모달 (mean)": {
        "name": "2B 멀티모달 (mean)",
        "total_queries": 61,
        "metrics": {
          "top_1": 20.901639344262296,
          "top_3": 64.34426229508196,
          "top_5": 76.63934426229508,
          "top_10": 85.79234972677595,
          "mrr": 53.11805975017161
        },
        "by_category": {
          "image": {
            "top_5": 75.0,
            "mrr": 51.85821123321123
          },
          "text_only": {
            "top_5": 78.94736842105263,
            "mrr": 52.63157894736842
          },
          "latex": {
            "top_5": 76.38888888888889,
            "mrr": 55.3113652868555
          }
        }
      },
      "2B 텍스트 전용 (mean)": {
        "name": "2B 텍스트 전용 (mean)",
        "total_queries": 61,
        "metrics": {
          "top_1": 17.62295081967213,
          "top_3": 59.01639344262295,
          "top_5": 83.74316939890709,
          "top_10": 99.18032786885246,
          "mrr": 49.63309914129585
        },
        "by_category": {
          "image": {
            "top_5": 80.55555555555554,
            "mrr": 43.05555555555555
          },
          "text_only": {
            "top_5": 84.21052631578947,
            "mrr": 47.543859649122815
          },
          "latex": {
            "top_5": 87.5,
            "mrr": 60.608465608465615
          }
        }
      },
      "8B 텍스트 전용": {
        "name": "8B 텍스트 전용",
        "total_queries": 61,
        "metrics": {
          "top_1": 16.80327868852459,
          "top_3": 54.91803278688525,
          "top_5": 71.85792349726775,
          "top_10": 83.87978142076503,
          "mrr": 44.53564472825499
        },
        "by_category": {
          "image": {
            "top_5": 74.30555555555554,
            "mrr": 40.28769841269841
          },
          "text_only": {
            "top_5": 68.42105263157895,
            "mrr": 43.24693312227937
          },
          "latex": {
            "top_5": 72.22222222222221,
            "mrr": 51.55987984419358
          }
        }
      }
    }
  }
}