{
  "tfidf_gt": {
    "metadata": {
      "total_queries": 100,
      "total_pairs": 500,
      "relevance_distribution": {
        "3": 200,
        "2": 200,
        "1": 100
      },
      "generation_method": "TF-IDF + Metadata Similarity",
      "top_k": 5,
      "min_similarity": 0.05
    },
    "results": {
      "metrics": {
        "top_1": 0.12999999999999998,
        "top_3": 0.302,
        "top_5": 0.4040000000000001,
        "top_10": 0.514,
        "top_20": 0.68,
        "mrr": 0.7375770428402008,
        "ndcg_5": 0.472468589603868,
        "ndcg_10": 0.525288349833779
      },
      "by_category": {
        "image": {
          "top_5": 0.46285714285714286,
          "top_10": 0.6114285714285714,
          "mrr": 0.7568009768009768
        },
        "text_only": {
          "top_5": 0.3771428571428571,
          "top_10": 0.45142857142857146,
          "mrr": 0.6455836477640989
        },
        "latex": {
          "top_5": 0.36666666666666664,
          "top_10": 0.4733333333333333,
          "mrr": 0.8224747474747474
        }
      },
      "total_queries": 100
    }
  },
  "llm_gt": {
    "metadata": {
      "total_queries": 100,
      "total_pairs": 302,
      "generation_method": "LLM-as-a-Judge (gpt-4o-mini)",
      "config": {
        "candidates_per_query": 20,
        "top_k_final": 5,
        "min_relevance_score": 3,
        "batch_size": 5,
        "max_retries": 3,
        "timeout": 30
      },
      "cost": {
        "input_tokens": 82841,
        "output_tokens": 24143,
        "estimated_cost_usd": 0.0269
      }
    },
    "results": {
      "metrics": {
        "top_1": 0.08866666666666667,
        "top_3": 0.32800000000000007,
        "top_5": 0.5790000000000001,
        "top_10": 0.9933333333333334,
        "top_20": 0.9966666666666666,
        "mrr": 0.5153571428571428,
        "ndcg_5": 0.4221414446846506,
        "ndcg_10": 0.6056413508183508
      },
      "by_category": {
        "image": {
          "top_5": 0.5885714285714285,
          "top_10": 1.0,
          "mrr": 0.5038095238095238
        },
        "text_only": {
          "top_5": 0.6142857142857143,
          "top_10": 0.9904761904761904,
          "mrr": 0.4850340136054421
        },
        "latex": {
          "top_5": 0.5266666666666666,
          "top_10": 0.9888888888888888,
          "mrr": 0.5642063492063493
        }
      },
      "total_queries": 100
    }
  },
  "improvement": {
    "top_1": -0.041333333333333305,
    "top_3": 0.02600000000000008,
    "top_5": 0.175,
    "top_10": 0.4793333333333334,
    "top_20": 0.31666666666666654,
    "mrr": -0.2222198999830579,
    "ndcg_5": -0.050327144919217415,
    "ndcg_10": 0.08035300098457177
  }
}