{
  "phase1": {
    "description": "MAP 지표 추가 및 수동 검증 샘플 추출",
    "results": {
      "TF-IDF GT": {
        "description": "Dense Search with TF-IDF GT",
        "total_queries": 100,
        "metrics": {
          "top_1": 0.12399999999999997,
          "top_3": 0.306,
          "top_5": 0.39799999999999996,
          "top_10": 0.562,
          "top_20": 0.7140000000000001,
          "mrr": 0.7322862276612275,
          "map": 0.43370835141810365,
          "ndcg_5": 0.467815320088143,
          "ndcg_10": 0.5471826137770492
        },
        "by_category": {
          "image": {
            "top_5": 0.42857142857142855,
            "top_10": 0.5885714285714286,
            "mrr": 0.6977533577533578,
            "map": 0.44664356651751613
          },
          "text_only": {
            "top_5": 0.3485714285714285,
            "top_10": 0.4971428571428572,
            "mrr": 0.707945387945388,
            "map": 0.3825773561786388
          },
          "latex": {
            "top_5": 0.42000000000000004,
            "top_10": 0.6066666666666667,
            "mrr": 0.8009722222222223,
            "map": 0.47827009491483174
          }
        }
      },
      "LLM GT": {
        "description": "Dense Search with LLM GT",
        "total_queries": 100,
        "metrics": {
          "top_1": 0.08866666666666666,
          "top_3": 0.23600000000000002,
          "top_5": 0.3976666666666666,
          "top_10": 0.6473333333333332,
          "top_20": 0.8260000000000001,
          "mrr": 0.4635244143111791,
          "map": 0.3355222025566452,
          "ndcg_5": 0.3096335453271027,
          "ndcg_10": 0.4180135127985852
        },
        "by_category": {
          "image": {
            "top_5": 0.44761904761904764,
            "top_10": 0.716190476190476,
            "mrr": 0.5808103241296518,
            "map": 0.39578928557477877
          },
          "text_only": {
            "top_5": 0.41428571428571426,
            "top_10": 0.6666666666666665,
            "mrr": 0.3899000206143063,
            "map": 0.31963630960092704
          },
          "latex": {
            "top_5": 0.32,
            "top_10": 0.5444444444444443,
            "mrr": 0.4125859788359788,
            "map": 0.28374414748382754
          }
        }
      },
      "Hybrid GT": {
        "description": "Dense Search with Hybrid GT",
        "total_queries": 61,
        "metrics": {
          "top_1": 0.19262295081967212,
          "top_3": 0.44808743169398907,
          "top_5": 0.6502732240437158,
          "top_10": 0.8360655737704918,
          "top_20": 0.9016393442622951,
          "mrr": 0.47573185011709607,
          "map": 0.4327080508648671,
          "ndcg_5": 0.4694016053163139,
          "ndcg_10": 0.5391245906354659
        },
        "by_category": {
          "image": {
            "top_5": 0.611111111111111,
            "top_10": 0.8541666666666666,
            "mrr": 0.5667162698412699,
            "map": 0.48291997354497357
          },
          "text_only": {
            "top_5": 0.6052631578947368,
            "top_10": 0.7631578947368421,
            "mrr": 0.35156641604010025,
            "map": 0.33847392604317816
          },
          "latex": {
            "top_5": 0.75,
            "top_10": 0.8888888888888888,
            "mrr": 0.4854828042328042,
            "map": 0.46522817460317456
          }
        }
      }
    }
  },
  "phase2": {
    "description": "BM25 + Dense Hybrid Search",
    "best_alpha": 1.0,
    "results_by_alpha": {
      "1.0": {
        "description": "Hybrid Search Dense Only (α=1.0)",
        "total_queries": 61,
        "metrics": {
          "top_1": 0.19262295081967212,
          "top_3": 0.44808743169398907,
          "top_5": 0.6502732240437158,
          "top_10": 0.8360655737704918,
          "top_20": 0.9016393442622951,
          "mrr": 0.47573185011709607,
          "map": 0.4327080508648671,
          "ndcg_5": 0.4694016053163139,
          "ndcg_10": 0.5391245906354659
        },
        "by_category": {
          "image": {
            "top_5": 0.611111111111111,
            "top_10": 0.8541666666666666,
            "mrr": 0.5667162698412699,
            "map": 0.48291997354497357
          },
          "text_only": {
            "top_5": 0.6052631578947368,
            "top_10": 0.7631578947368421,
            "mrr": 0.35156641604010025,
            "map": 0.33847392604317816
          },
          "latex": {
            "top_5": 0.75,
            "top_10": 0.8888888888888888,
            "mrr": 0.4854828042328042,
            "map": 0.46522817460317456
          }
        }
      },
      "0.7": {
        "description": "Hybrid Search alpha=0.7",
        "total_queries": 61,
        "metrics": {
          "top_1": 0.1762295081967213,
          "top_3": 0.46857923497267756,
          "top_5": 0.6379781420765027,
          "top_10": 0.8360655737704918,
          "top_20": 0.9016393442622951,
          "mrr": 0.44259042414780114,
          "map": 0.4082652092897994,
          "ndcg_5": 0.4409153943050758,
          "ndcg_10": 0.5167827553924812
        },
        "by_category": {
          "image": {
            "top_5": 0.6527777777777778,
            "top_10": 0.8541666666666666,
            "mrr": 0.5015542328042328,
            "map": 0.43602167508417505
          },
          "text_only": {
            "top_5": 0.5,
            "top_10": 0.7631578947368421,
            "mrr": 0.325125313283208,
            "map": 0.31518247834037305
          },
          "latex": {
            "top_5": 0.7638888888888888,
            "top_10": 0.8888888888888888,
            "mrr": 0.48796296296296293,
            "map": 0.469510582010582
          }
        }
      },
      "0.5": {
        "description": "Hybrid Search alpha=0.5",
        "total_queries": 61,
        "metrics": {
          "top_1": 0.13524590163934427,
          "top_3": 0.36748633879781417,
          "top_5": 0.5942622950819673,
          "top_10": 0.8114754098360656,
          "top_20": 0.8852459016393442,
          "mrr": 0.3839901807717622,
          "map": 0.35900458228688703,
          "ndcg_5": 0.3908446810819824,
          "ndcg_10": 0.4699902875162857
        },
        "by_category": {
          "image": {
            "top_5": 0.6041666666666666,
            "top_10": 0.7916666666666666,
            "mrr": 0.4472548046996576,
            "map": 0.39489003133304607
          },
          "text_only": {
            "top_5": 0.47368421052631576,
            "top_10": 0.7631578947368421,
            "mrr": 0.27919799498746867,
            "map": 0.2857400855078874
          },
          "latex": {
            "top_5": 0.7083333333333334,
            "top_10": 0.8888888888888888,
            "mrr": 0.41025132275132276,
            "map": 0.38849206349206344
          }
        }
      },
      "0.3": {
        "description": "Hybrid Search alpha=0.3",
        "total_queries": 61,
        "metrics": {
          "top_1": 0.10792349726775956,
          "top_3": 0.3469945355191256,
          "top_5": 0.5286885245901639,
          "top_10": 0.6475409836065574,
          "top_20": 0.8442622950819673,
          "mrr": 0.35441490730533004,
          "map": 0.31795698859217103,
          "ndcg_5": 0.35138371062492624,
          "ndcg_10": 0.3970433797569039
        },
        "by_category": {
          "image": {
            "top_5": 0.5625,
            "top_10": 0.625,
            "mrr": 0.4244791666666667,
            "map": 0.3557718493380258
          },
          "text_only": {
            "top_5": 0.42105263157894735,
            "top_10": 0.6052631578947368,
            "mrr": 0.24796319408507775,
            "map": 0.23540277820056213
          },
          "latex": {
            "top_5": 0.5972222222222222,
            "top_10": 0.7222222222222222,
            "mrr": 0.37336159211159203,
            "map": 0.35467772967772965
          }
        }
      },
      "0.0": {
        "description": "Hybrid Search BM25 Only (α=0.0)",