{
  "baseline": {
    "metrics": {
      "top_1": 0.12999999999999998,
      "top_3": 0.302,
      "top_5": 0.4040000000000001,
      "top_10": 0.514,
      "top_20": 0.68,
      "mrr": 0.7375770428402008,
      "ndcg_5": 0.472468589603868,
      "ndcg_10": 0.525288349833779
    },
    "by_category": {
      "image": {
        "top_5": 0.46285714285714286,
        "top_10": 0.6114285714285714,
        "mrr": 0.7568009768009768
      },
      "text_only": {
        "top_5": 0.3771428571428571,
        "top_10": 0.45142857142857146,
        "mrr": 0.6455836477640989
      },
      "latex": {
        "top_5": 0.36666666666666664,
        "top_10": 0.4733333333333333,
        "mrr": 0.8224747474747474
      }
    },
    "total_queries": 100
  },
  "with_reranker": {
    "metrics": {
      "top_1": 0.11999999999999997,
      "top_3": 0.288,
      "top_5": 0.38800000000000007,
      "top_10": 0.554,
      "top_20": 0.68,
      "mrr": 0.7158695697577276,
      "ndcg_5": 0.4534248719010623,
      "ndcg_10": 0.5351548101789003
    },
    "by_category": {
      "image": {
        "top_5": 0.4057142857142857,
        "top_10": 0.6,
        "mrr": 0.6532482993197278
      },
      "text_only": {
        "top_5": 0.3485714285714286,
        "top_10": 0.5142857142857143,
        "mrr": 0.6796371882086167
      },
      "latex": {
        "top_5": 0.4133333333333333,
        "top_10": 0.5466666666666666,
        "mrr": 0.8311988304093566
      }
    },
    "total_queries": 100
  },
  "improvement": {
    "top_1": -0.010000000000000009,
    "top_3": -0.014000000000000012,
    "top_5": -0.016000000000000014,
    "top_10": 0.040000000000000036,
    "top_20": 0.0,
    "mrr": -0.021707473082473117,
    "ndcg_5": -0.019043717702805718,
    "ndcg_10": 0.009866460345121286
  }
}