{
  "model": "Qwen3-VL-Embedding-2B + Qwen3-VL-Reranker-2B",
  "scope": "test_items_100",
  "image_gt": {
    "embedding_only": {
      "total_queries": 27,
      "top_1": 24.889770723104053,
      "top_3": 51.39770723104056,
      "top_5": 77.72045855379189,
      "top_10": 94.01234567901236,
      "mrr": 90.55555555555556
    },
    "with_reranker": {
      "total_queries": 27,
      "top_1": 24.889770723104053,
      "top_3": 51.39770723104056,
      "top_5": 77.72045855379189,
      "top_10": 94.01234567901236,
      "mrr": 90.55555555555556
    }
  },
  "hybrid_gt": {
    "embedding_only": {
      "total_queries": 61,
      "top_1": 21.721311475409838,
      "top_3": 64.34426229508196,
      "top_5": 77.18579234972677,
      "top_10": 85.79234972677595,
      "mrr": 54.22998061619083
    },
    "with_reranker": {
      "total_queries": 61,
      "top_1": 21.721311475409838,
      "top_3": 64.34426229508196,
      "top_5": 77.18579234972677,
      "top_10": 85.79234972677595,
      "mrr": 54.22998061619083
    }
  }
}