{
  "metadata": {
    "description": "8B vs 2B 임베딩 성능 비교",
    "created_at": "2026-01-28T12:01:22.939890",
    "note": "8B = Qwen3-Embedding-8B (텍스트 전용), 2B = Qwen3-VL-Embedding-2B"
  },
  "results": {
    "Image GT": {
      "2B 멀티모달 전체 (mean)": {
        "name": "2B 멀티모달 전체 (mean)",
        "total_queries": 27,
        "metrics": {
          "top_1": 0.0,
          "top_3": 0.0,
          "top_5": 0.0,
          "top_10": 0.0,
          "mrr": 0.7116920842411039
        },
        "by_category": {
          "image": {
            "top_5": 0.0,
            "mrr": 0.7116920842411039
          }
        }
      },
      "8B VL 전체 (mean)": {
        "name": "8B VL 전체 (mean)",
        "total_queries": 27,
        "metrics": {
          "top_1": 1.2345679012345678,
          "top_3": 1.2345679012345678,
          "top_5": 1.2345679012345678,
          "top_10": 1.8518518518518516,
          "mrr": 4.9860048982856
        },
        "by_category": {
          "image": {
            "top_5": 1.2345679012345678,
            "mrr": 4.9860048982856
          }
        }
      },
      "2B 멀티모달 100개 (mean)": {
        "name": "2B 멀티모달 100개 (mean)",
        "total_queries": 27,
        "metrics": {
          "top_1": 24.889770723104057,
          "top_3": 51.397707231040556,
          "top_5": 76.26543209876543,
          "top_10": 94.1005291005291,
          "mrr": 90.74074074074075
        },
        "by_category": {
          "image": {
            "top_5": 76.26543209876543,
            "mrr": 90.74074074074075
          }
        }
      },
      "2B 텍스트 100개 (mean)": {
        "name": "2B 텍스트 100개 (mean)",
        "total_queries": 27,
        "metrics": {
          "top_1": 22.11199294532628,
          "top_3": 45.930335097001766,
          "top_5": 67.42504409171076,
          "top_10": 83.99029982363315,
          "mrr": 88.11447811447812
        },
        "by_category": {
          "image": {
            "top_5": 67.42504409171076,
            "mrr": 88.11447811447812
          }
        }
      },
      "8B VL 100개 (mean)": {
        "name": "8B VL 100개 (mean)",
        "total_queries": 27,
        "metrics": {
          "top_1": 25.074955908289237,
          "top_3": 56.366843033509696,
          "top_5": 64.81481481481481,
          "top_10": 82.42504409171076,
          "mrr": 90.53497942386831
        },
        "by_category": {
          "image": {
            "top_5": 64.81481481481481,
            "mrr": 90.53497942386831
          }
        }
      }
    },
    "Hybrid GT": {
      "2B 멀티모달 전체 (mean)": {
        "name": "2B 멀티모달 전체 (mean)",
        "total_queries": 61,
        "metrics": {
          "top_1": 0.0,
          "top_3": 1.639344262295082,
          "top_5": 1.639344262295082,
          "top_10": 2.459016393442623,
          "mrr": 1.0245901639344261
        },
        "by_category": {
          "image": {
            "top_5": 4.166666666666666,
            "mrr": 2.083333333333333
          },
          "text_only": {
            "top_5": 0.0,
            "mrr": 0.6578947368421052
          },
          "latex": {
            "top_5": 0.0,
            "mrr": 0.0
          }
        }
      },
      "8B VL 전체 (mean)": {
        "name": "8B VL 전체 (mean)",
        "total_queries": 61,
        "metrics": {
          "top_1": 0.0,
          "top_3": 0.0,
          "top_5": 0.819672131147541,
          "top_10": 0.819672131147541,
          "mrr": 0.32786885245901637
        },
        "by_category": {
          "image": {
            "top_5": 0.0,
            "mrr": 0.0
          },
          "text_only": {
            "top_5": 2.631578947368421,
            "mrr": 1.0526315789473684
          },
          "latex": {
            "top_5": 0.0,
            "mrr": 0.0
          }
        }
      },
      "2B 멀티모달 100개 (mean)": {
        "name": "2B 멀티모달 100개 (mean)",
        "total_queries": 61,
        "metrics": {
          "top_1": 20.901639344262296,
          "top_3": 64.34426229508196,
          "top_5": 76.63934426229508,
          "top_10": 85.79234972677595,
          "mrr": 53.11805975017161
        },
        "by_category": {
          "image": {
            "top_5": 75.0,
            "mrr": 51.85821123321123
          },
          "text_only": {
            "top_5": 78.94736842105263,
            "mrr": 52.63157894736842
          },
          "latex": {
            "top_5": 76.38888888888889,
            "mrr": 55.3113652868555
          }
        }
      },
      "2B 텍스트 100개 (mean)": {
        "name": "2B 텍스트 100개 (mean)",
        "total_queries": 61,
        "metrics": {
          "top_1": 17.62295081967213,
          "top_3": 59.01639344262295,
          "top_5": 83.74316939890709,
          "top_10": 99.18032786885246,
          "mrr": 49.63309914129585
        },
        "by_category": {
          "image": {
            "top_5": 80.55555555555554,
            "mrr": 43.05555555555555
          },
          "text_only": {
            "top_5": 84.21052631578947,
            "mrr": 47.543859649122815
          },
          "latex": {
            "top_5": 87.5,
            "mrr": 60.608465608465615
          }
        }
      },
      "8B VL 100개 (mean)": {
        "name": "8B VL 100개 (mean)",
        "total_queries": 61,
        "metrics": {
          "top_1": 9.426229508196721,
          "top_3": 49.18032786885246,
          "top_5": 66.93989071038251,
          "top_10": 87.70491803278688,
          "mrr": 39.89981785063752
        },
        "by_category": {
          "image": {
            "top_5": 61.80555555555555,
            "mrr": 34.79166666666667
          },
          "text_only": {
            "top_5": 65.78947368421053,
            "mrr": 37.514619883040936
          },
          "latex": {
            "top_5": 75.0,
            "mrr": 49.22839506172839
          }
        }
      }
    }
  }
}