{
  "image_gt": {
    "2b_mm": {
      "top1": 24.889770723104064,
      "top3": 51.397707231040556,
      "top5": 76.26543209876543,
      "top10": 94.1005291005291,
      "mrr": 90.74074074074075,
      "n": 27
    },
    "2b_text": {
      "top1": 22.111992945326282,
      "top3": 45.93033509700176,
      "top5": 67.42504409171076,
      "top10": 83.99029982363315,
      "mrr": 88.11447811447812,
      "n": 27
    },
    "8b": {
      "top1": 19.95149911816579,
      "top3": 55.53350970017637,
      "top5": 69.62962962962963,
      "top10": 86.24779541446208,
      "mrr": 84.50617283950615,
      "n": 27
    }
  },
  "hybrid_gt": {
    "2b_mm": {
      "top1": 20.901639344262296,
      "top3": 64.34426229508196,
      "top5": 76.63934426229508,
      "top10": 85.79234972677597,
      "mrr": 53.20440004305581,
      "n": 61
    },
    "2b_text": {
      "top1": 17.62295081967213,
      "top3": 59.01639344262295,
      "top5": 83.7431693989071,
      "top10": 100.0,
      "mrr": 49.63309914129586,
      "n": 61
    },
    "8b": {
      "top1": 16.80327868852459,
      "top3": 54.91803278688525,
      "top5": 71.85792349726776,
      "top10": 83.87978142076503,
      "mrr": 44.59028953699816,
      "n": 61
    }
  }
}