{
  "metadata": {
    "description": "8B VL vs 2B 전체 임베딩 공정 비교",
    "method": "GT 포함 문항만 필터링하여 동일 조건 평가",
    "created_at": "2026-01-28T12:02:39.256515",
    "models": {
      "2B": "Qwen3-VL-Embedding-2B (멀티모달, 2048 dim)",
      "8B VL": "Qwen3-VL-Embedding-8B (멀티모달, 4096 dim)"
    }
  },
  "results": {
    "Image GT": {
      "2B 멀티모달 (전체 10,951개 기반)": {
        "name": "2B 멀티모달 (전체 10,951개 기반)",
        "total_queries": 27,
        "metrics": {
          "top_1": 24.889770723104057,
          "top_3": 51.397707231040556,
          "top_5": 77.7204585537919,
          "top_10": 94.93827160493828,
          "mrr": 90.55555555555556
        },
        "by_category": {
          "image": {
            "top_5": 77.7204585537919,
            "mrr": 90.55555555555556
          }
        }
      },
      "8B VL (전체 10,952개 기반)": {
        "name": "8B VL (전체 10,952개 기반)",
        "total_queries": 27,
        "metrics": {
          "top_1": 25.074955908289237,
          "top_3": 56.366843033509696,
          "top_5": 69.53703703703702,
          "top_10": 85.38800705467372,
          "mrr": 91.1522633744856
        },
        "by_category": {
          "image": {
            "top_5": 69.53703703703702,
            "mrr": 91.1522633744856
          }
        }
      }
    },
    "Hybrid GT": {
      "2B 멀티모달 (전체 10,951개 기반)": {
        "name": "2B 멀티모달 (전체 10,951개 기반)",
        "total_queries": 61,
        "metrics": {
          "top_1": 24.18032786885246,
          "top_3": 66.80327868852459,
          "top_5": 81.69398907103825,
          "top_10": 90.43715846994536,
          "mrr": 57.33199017311843
        },
        "by_category": {
          "image": {
            "top_5": 84.72222222222221,
            "mrr": 58.79629629629629
          },
          "text_only": {
            "top_5": 81.57894736842105,
            "mrr": 56.87134502923976
          },
          "latex": {
            "top_5": 77.77777777777779,
            "mrr": 55.86581854964208
          }
        }
      },
      "8B VL (전체 10,952개 기반)": {
        "name": "8B VL (전체 10,952개 기반)",
        "total_queries": 61,
        "metrics": {
          "top_1": 11.065573770491802,
          "top_3": 57.92349726775956,
          "top_5": 73.22404371584699,
          "top_10": 89.34426229508196,
          "mrr": 44.918032786885234
        },
        "by_category": {
          "image": {
            "top_5": 69.44444444444443,
            "mrr": 39.23611111111111
          },
          "text_only": {
            "top_5": 76.31578947368422,
            "mrr": 45.96491228070176
          },
          "latex": {
            "top_5": 75.0,
            "mrr": 51.388888888888886
          }
        }
      }
    }
  }
}