{
  "mrr_analysis": {
    "rank_1_selection": {
      "tfidf": 2,
      "llm": 0
    },
    "avg_relevants_per_query": {
      "tfidf": 5.0,
      "llm": 3.02
    },
    "rank_distribution": {
      "tfidf": {
        "21+": 168,
        "11-20": 84,
        "1-5": 177,
        "6-10": 71
      },
      "llm": {
        "1-5": 139,
        "6-10": 148,
        "11-20": 14,
        "21+": 1
      }
    },
    "worse_cases_count": 57
  },
  "evaluation_results": {
    "TF-IDF GT": {
      "metrics": {
        "top_1": 0.004,
        "top_3": 0.2299999999999998,
        "top_5": 0.354,
        "top_10": 0.4960000000000004,
        "top_20": 0.664,
        "mrr": 0.40037825893666434,
        "ndcg_5": 0.46448615431502543,
        "ndcg_10": 0.5173059145449362
      },
      "n_queries": 100
    },
    "LLM GT": {
      "metrics": {
        "top_1": 0.0,
        "top_3": 0.19733333333333328,
        "top_5": 0.45699999999999996,
        "top_10": 0.95,
        "top_20": 0.9966666666666667,
        "mrr": 0.3144523809523808,
        "ndcg_5": 0.4219195259888432,
        "ndcg_10": 0.605435428721173
      },
      "n_queries": 100
    },
    "Hybrid GT": {
      "metrics": {
        "top_1": 0.0,
        "top_3": 0.3442622950819672,
        "top_5": 0.7418032786885246,
        "top_10": 0.9590163934426229,
        "top_20": 1.0,
        "mrr": 0.30658398978071105,
        "ndcg_5": 0.5475234722580041,
        "ndcg_10": 0.6075501898472404
      },
      "n_queries": 61
    }
  },
  "hybrid_gt_stats": {
    "total_queries": 100,
    "queries_with_intersection": 61,
    "total_pairs": 93,
    "intersection_sizes": [
      1,
      2,
      2,
      1,
      1,
      1,
      2,
      2,
      2,
      2,
      1,
      1,
      3,
      2,
      2,
      1,
      1,
      2,
      1,
      2,
      2,
      2,
      1,
      1,
      1,
      2,
      2,
      2,
      2,
      2,
      2,
      1,
      2,
      1,
      1,
      1,
      2,
      1,
      2,
      1,
      2,
      2,
      2,
      2,
      1,
      1,
      4,
      1,
      1,
      1,
      1,
      1,
      1,
      1,
      2,
      1,
      2,
      1,
      1,
      1,
      1
    ]
  }
}