{
  "experiment": "Multimodal Embedding + Reranker",
  "ground_truth": "Image GT (GPT-4o)",
  "embedding_model": "Qwen3-VL-Embedding-2B (multimodal, mean pooling)",
  "reranker_model": "Qwen3-VL-Reranker-2B",
  "total_queries": 27,
  "results": {
    "embedding_only": {
      "top_1": 0.24889770723104057,
      "top_3": 0.5139770723104056,
      "top_5": 0.7626543209876543,
      "top_10": 0.9410052910052911,
      "top_20": 1.0,
      "mrr": 0.9074074074074074,
      "ndcg_5": 0.8149109998121885,
      "ndcg_10": 0.8646592556452753
    },
    "with_reranker": {
      "top_1": 0.21186067019400354,
      "top_3": 0.5200617283950617,
      "top_5": 0.6455026455026456,
      "top_10": 0.8920194003527336,
      "top_20": 0.9900793650793651,
      "mrr": 0.8604938271604938,
      "ndcg_5": 0.6998491876352843,
      "ndcg_10": 0.79156519117103
    },
    "improvement": {
      "top_1": -0.037037037037037035,
      "top_3": 0.006084656084656137,
      "top_5": -0.11715167548500871,
      "top_10": -0.04898589065255743,
      "top_20": -0.009920634920634885,
      "mrr": -0.04691358024691361,
      "ndcg_5": -0.11506181217690425,
      "ndcg_10": -0.07309406447424538
    }
  }
}