{
  "phase1": {
    "description": "MAP 지표 추가 및 수동 검증 샘플 추출",
    "results": {
      "TF-IDF GT": {
        "description": "Dense Search with TF-IDF GT",
        "total_queries": 100,
        "metrics": {
          "top_1": 0.12999999999999998,
          "top_3": 0.302,
          "top_5": 0.4040000000000001,
          "top_10": 0.514,
          "top_20": 0.68,
          "mrr": 0.7375770428402008,
          "map": 0.42679432080647245,
          "ndcg_5": 0.4728883445494666,
          "ndcg_10": 0.525303308502576
        },
        "by_category": {
          "image": {
            "top_5": 0.46285714285714286,
            "top_10": 0.6114285714285714,
            "mrr": 0.7568009768009768,
            "map": 0.5029270909688865
          },
          "text_only": {
            "top_5": 0.3771428571428571,
            "top_10": 0.45142857142857146,
            "mrr": 0.6455836477640989,
            "map": 0.3799329342091395
          },
          "latex": {
            "top_5": 0.36666666666666664,
            "top_10": 0.4733333333333333,
            "mrr": 0.8224747474747474,
            "map": 0.39264437331387797
          }
        }
      },
      "LLM GT": {
        "description": "Dense Search with LLM GT",
        "total_queries": 100,
        "metrics": {
          "top_1": 0.08866666666666667,
          "top_3": 0.32800000000000007,
          "top_5": 0.5790000000000001,
          "top_10": 0.9933333333333334,
          "top_20": 0.9966666666666666,
          "mrr": 0.5153571428571428,
          "map": 0.4784040644540645,
          "ndcg_5": 0.42199634957102383,
          "ndcg_10": 0.6055278240333324
        },
        "by_category": {
          "image": {
            "top_5": 0.5885714285714285,
            "top_10": 1.0,
            "mrr": 0.5038095238095238,
            "map": 0.46378004535147394
          },
          "text_only": {
            "top_5": 0.6142857142857143,
            "top_10": 0.9904761904761904,
            "mrr": 0.4850340136054421,
            "map": 0.47802446231017653
          },
          "latex": {
            "top_5": 0.5266666666666666,
            "top_10": 0.9888888888888888,
            "mrr": 0.5642063492063493,
            "map": 0.49590828924162256
          }
        }
      },
      "Hybrid GT": {
        "description": "Dense Search with Hybrid GT",
        "total_queries": 61,
        "metrics": {
          "top_1": 0.1762295081967213,
          "top_3": 0.5901639344262295,
          "top_5": 0.8374316939890709,
          "top_10": 0.9918032786885246,
          "top_20": 1.0,
          "mrr": 0.4963309914129585,
          "map": 0.47980478082937095,
          "ndcg_5": 0.5477163265783217,
          "ndcg_10": 0.605223669036425
        },
        "by_category": {
          "image": {
            "top_5": 0.8055555555555555,
            "top_10": 1.0,
            "mrr": 0.4305555555555555,
            "map": 0.4107473544973545
          },
          "text_only": {
            "top_5": 0.8421052631578947,
            "top_10": 0.9736842105263158,
            "mrr": 0.47543859649122816,
            "map": 0.46823498139287606
          },
          "latex": {
            "top_5": 0.875,
            "top_10": 1.0,
            "mrr": 0.6060846560846561,
            "map": 0.5840939153439153
          }
        }
      }
    }
  },
  "phase2": {
    "description": "BM25 + Dense Hybrid Search",
    "best_alpha": 1.0,
    "results_by_alpha": {
      "1.0": {
        "description": "Hybrid Search Dense Only (α=1.0)",
        "total_queries": 61,
        "metrics": {
          "top_1": 0.1762295081967213,
          "top_3": 0.6065573770491803,
          "top_5": 0.8374316939890709,
          "top_10": 0.9918032786885246,
          "top_20": 1.0,
          "mrr": 0.4976971116315378,
          "map": 0.48117090104795013,
          "ndcg_5": 0.5490456307662884,
          "ndcg_10": 0.606552973224392
        },
        "by_category": {
          "image": {
            "top_5": 0.8055555555555555,
            "top_10": 1.0,
            "mrr": 0.4305555555555555,
            "map": 0.4107473544973545
          },
          "text_only": {
            "top_5": 0.8421052631578947,
            "top_10": 0.9736842105263158,
            "mrr": 0.4798245614035088,
            "map": 0.4726209463051568
          },
          "latex": {
            "top_5": 0.875,
            "top_10": 1.0,
            "mrr": 0.6060846560846561,
            "map": 0.5840939153439153
          }
        }
      },
      "0.7": {
        "description": "Hybrid Search alpha=0.7",
        "total_queries": 61,
        "metrics": {
          "top_1": 0.1598360655737705,
          "top_3": 0.4849726775956284,
          "top_5": 0.7117486338797814,
          "top_10": 0.9180327868852459,
          "top_20": 1.0,
          "mrr": 0.436248314527003,
          "map": 0.4330716414732808,
          "ndcg_5": 0.47091522205493236,
          "ndcg_10": 0.5472792256271439
        },
        "by_category": {
          "image": {
            "top_5": 0.5902777777777778,
            "top_10": 0.875,
            "mrr": 0.41569264069264067,
            "map": 0.41217231842231844
          },
          "text_only": {
            "top_5": 0.7368421052631579,
            "top_10": 0.8947368421052632,
            "mrr": 0.39692982456140347,
            "map": 0.4116455912508544
          },
          "latex": {
            "top_5": 0.8472222222222222,
            "top_10": 1.0,
            "mrr": 0.5051587301587301,
            "map": 0.4835537918871251
          }
        }
      },
      "0.5": {
        "description": "Hybrid Search alpha=0.5",
        "total_queries": 61,
        "metrics": {
          "top_1": 0.11885245901639344,
          "top_3": 0.4112021857923497,
          "top_5": 0.5396174863387978,
          "top_10": 0.7868852459016393,
          "top_20": 0.9426229508196722,
          "mrr": 0.3704716865155631,
          "map": 0.36165546724249714,
          "ndcg_5": 0.3691327885163503,
          "ndcg_10": 0.4587114326622498
        },
        "by_category": {
          "image": {
            "top_5": 0.5277777777777778,
            "top_10": 0.7083333333333334,
            "mrr": 0.37053284066151715,
            "map": 0.3598080993761141
          },
          "text_only": {
            "top_5": 0.4473684210526316,
            "top_10": 0.7894736842105263,
            "mrr": 0.3085856609850418,
            "map": 0.30560744724831407
          },
          "latex": {
            "top_5": 0.6527777777777778,
            "top_10": 0.8888888888888888,
            "mrr": 0.4357142857142857,
            "map": 0.4232804232804232
          }
        }
      },
      "0.3": {
        "description": "Hybrid Search alpha=0.3",
        "total_queries": 61,
        "metrics": {
          "top_1": 0.0942622950819672,
          "top_3": 0.383879781420765,
          "top_5": 0.5204918032786885,
          "top_10": 0.680327868852459,
          "top_20": 0.8360655737704918,
          "mrr": 0.33709207959195264,
          "map": 0.31715439477709173,
          "ndcg_5": 0.3455874229006755,
          "ndcg_10": 0.40325584327065084
        },
        "by_category": {
          "image": {
            "top_5": 0.5625,
            "top_10": 0.6875,
            "mrr": 0.3694940476190476,
            "map": 0.3405109485314594
          },
          "text_only": {
            "top_5": 0.39473684210526316,
            "top_10": 0.5789473684210527,
            "mrr": 0.2699265131153676,
            "map": 0.2525513444244094
          },
          "latex": {
            "top_5": 0.5972222222222222,
            "top_10": 0.7777777777777778,
            "mrr": 0.3647864423922215,
            "map": 0.35420443181021094
          }
        }
      },
      "0.0": {
        "description": "Hybrid Search BM25 Only (α=0.0)",
        "total_queries": 61,
        "metrics": {
          "top_1": 0.10792349726775956,
          "top_3": 0.2527322404371585,